Column1,Column2,Column3,Column4,Column5,Column6,Column7,Column8,Column9
杭州,未知,WEB前端开发,h5(泛微oa),本科,3-5年,14-16k,上海嘉驰商务咨询有限公司,1000-2000人
杭州,文新,WEB前端开发,前端开发工程师（架构）-【商业化】,本科,1-3年,25-40k・16薪,北京达佳互联信息技术有限公司,10000人以上
杭州,未知,WEB前端开发,前端,本科,经验不限,40-70k・15薪,四川领才人力资源服务有限公司,100-499人
杭州,未知,WEB前端开发,WEB前端工程师,统招本科,经验不限,13-24k,北京外企德科人力资源服务上海有限公司,10000人以上
杭州,滨江区,Java,Java开发工程师--杭州,统招本科,3-5年,11-13k,石家庄欧神人力资源服务有限公司,10000人以上
杭州,未知,WEB前端开发,WEB前端工程师,本科,经验不限,25-35k・14薪,科仕德河北企业管理咨询有限公司,10000人以上
杭州,滨江区,WEB前端开发,高级前端开发工程师,本科,3-5年,15-25k・13薪,智锦人力资源(杭州)有限公司,50-99人
杭州,艮山,WEB前端开发,高级前端工程师,本科,3-5年,15-30k,华廷集团有限公司,1000-2000人
杭州,文新,WEB前端开发,前端,本科,3年以上,14-15k,杭州美西蜥蜴科技有限公司,100-499人
杭州,文明路,WEB前端开发,前端开发工程师（ERP方向）,本科,3-5年,15-25k,杭州硕磐智能科技有限公司,100-499人
杭州,彭埠,WEB前端开发,前端开发,统招本科,3-5年,15-20k・13薪,上海睿择佑安健康科技有限公司,50-99人
杭州,三墩,WEB前端开发,前端开发工程师-飞书多维表格,统招本科,1-7年,30-60k・15薪,北京今日头条科技有限公司,10000人以上
杭州,宁围,WEB前端开发,资深前端工程师,本科,5-10年,15-25k,浙江博润空间科技有限公司,50-99人
杭州,西兴,WEB前端开发,前端开发（游戏）,统招本科,1-3年,15-19k,德科信息有限公司,5000-10000人
杭州,长河,WEB前端开发,鸿蒙开发/鸿蒙+前端（线上面试）,大专,3-5年,12-25k,软通动力信息技术(集团)股份有限公司,10000人以上
杭州,长河,WEB前端开发,软件工程师（前端）,统招本科,1-3年,20-30k・16薪,普联技术有限公司,10000人以上
杭州,河上,WEB前端开发,前端开发工程师,本科,3-5年,12-20k,杭州科百特过滤器材有限公司,2000-5000人
杭州,武林,WEB前端开发,高级前端工程师,硕士,5年以上,10-25k,浙江高速公路智能收费运营服务有限公司,1-49人
杭州,余杭,WEB前端开发,web前端工程师（AI应用领域）,本科,3-5年,15-25k・16薪,灵境万维(杭州)智能科技有限公司,50-99人
杭州,城东,WEB前端开发,WEB前端工程师,本科,3-5年,10-18k,上海酷盒信息技术有限公司,50-99人
杭州,西溪,WEB前端开发,阿里巴巴2022届校招（前端、服务端、客户端、产品等）,本科,1年以下,10-15k,钉钉(中国)信息技术有限公司,2000-5000人
杭州,未知,HTML5,智能信息-前端开发工程师-通义APP,本科,经验不限,10-20k,阿里巴巴(中国)有限公司,10000人以上
杭州,西溪,WEB前端开发,微信小程序开发,学历不限,3-5年,8-15k,杭州逐梦潮流玩具设计有限公司,1-49人
杭州,临安区,C++,C++,本科,3-5年,6-10k,杭州临安森源电缆有限公司,100-499人
杭州,大关,WEB前端开发,web前端工程师,统招本科,经验不限,10-20k,网飞(杭州)文化传媒有限公司,1-49人
杭州,钱江新城,WEB前端开发,高级前端工程师,统招本科,3-5年,15-25k・16薪,杭州热联集团股份有限公司,1000-2000人
杭州,西溪,WEB前端开发,web前端工程师,大专,经验不限,10-15k・13薪,浦锐德(杭州)信息技术有限公司,1-49人
杭州,彭埠,HTML5,RN开发工程师,统招本科,3-5年,10-15k,杭州蛋咖网络技术有限公司,50-99人
杭州,古荡,WEB前端开发,基础架构经理,统招本科,3年以上,15-35k・15薪,杰华特微电子股份有限公司,500-999人
杭州,未知,WEB前端开发,JAVA高级工程师,本科,3-5年,10-15k,杭州富阳腾迅智能科技有限公司,1-49人
杭州,余杭区,Java,GIS(地理信息系统)开发工程师,学历不限,经验不限,10-20k,杭州融地信息技术有限公司,1-49人
杭州,余杭区,WEB前端开发,高级前端研发工程师,学历不限,经验不限,30-50k・15薪,北京今日头条科技有限公司,10000人以上
杭州,未知,WEB前端开发,前端,本科,3-5年,10-15k,柯信信息科技有限公司,10000人以上
杭州,西溪,WEB前端开发,前端,本科,3-5年,10-15k,杭州神乎其神科技有限公司,1-49人
杭州,三墩,WEB前端开发,软件前端开发工程师,大专,3-5年,8-12k,杜乔自动化(杭州)有限公司,1-49人
杭州,上塘,WEB前端开发,前端,本科,1年以下,7-11k,杭州艺高金属材料有限公司,1-49人
杭州,滨江区,WEB前端开发,web前端开发工程师,大专,3-5年,7-10k,中正数服(杭州)数据有限公司,1-49人
杭州,长河,WEB前端开发,前端开发工程师,本科,经验不限,8-12k・14薪,重庆紫光华智科技有限公司,1000-2000人
杭州,文新,HTML5,移动web前端开发,本科,1-3年,10-15k,杭州乐湾科技有限公司,100-499人
杭州,未知,移动开发工程师,阿里云智能-无线端开发专家/高级专家-云安全-杭州,本科,经验不限,10-20k,阿里云计算有限公司,10000人以上
杭州,未知,WEB前端开发,java开发工程师,统招本科,2年以上,10-15k・14薪,上海易梁科技有限公司,100-499人
杭州,滨江区,WEB前端开发,WEB前端工程师,统招本科,1-3年,13-26k・14薪,陕西科锐尔人力资源服务有限公司,10000人以上
杭州,未知,WEB前端开发,资深前端开发工程师,本科,3-5年,30-50k・15薪,广州立知网络科技有限公司,10000人以上
杭州,未知,WEB前端开发,前端开发工程师 可接受应届,统招本科,经验不限,15-30k・14薪,北京外企德科人力资源服务上海有限公司,10000人以上
杭州,未知,WEB前端开发,前端开发工程师,统招本科,3-5年,15-30k・14薪,北京外企德科人力资源服务上海有限公司,10000人以上
杭州,滨江区,Java,JAVA（初级/中级/高级）,本科,3-5年,9-14k,上海嘉驰商务咨询有限公司,
杭州,拱墅区,WEB前端开发,WEB前端经理,统招本科,5-10年,20-30k・14薪,上海岱澳人才信息咨询有限公司,1-49人
杭州,余杭区,WEB前端开发,webgl研发工程师,本科,3-5年,15-30k,八维通科技有限公司,100-499人
杭州,三墩,WEB前端开发,Web前端开发工程师,本科,3-5年,15-23k,浙江数智交院科技股份有限公司,1000-2000人
杭州,和睦,WEB前端开发,前端,大专,1-3年,5-8k,杭州鼎易信息科技有限公司,50-99人
杭州,余杭区,WEB前端开发,前端高级研发工程师-抖音-上海/杭州,本科,3-5年,25-50k・15薪,北京今日头条科技有限公司,10000人以上
杭州,钱江新城,WEB前端开发,前端开发工程师,本科,5年以上,13-16k,毛戈平化妆品股份有限公司,2000-5000人
杭州,三墩,WEB前端开发,云管平台高级开发工程师,统招本科,3-5年,25-50k・13薪,阿里云计算有限公司,10000人以上
杭州,文明路,WEB前端开发,前端工程师,统招本科,3-5年,13-16k,德科信息有限公司,5000-10000人
杭州,四季青,HTML5,前端开发,本科,经验不限,8-12k,温州匡冉网络有限公司,1-49人
杭州,未知,WEB前端开发,Java,本科,1-3年,10-15k,杭州数智政通科技有限公司,1-49人
杭州,钱江新城,HTML5,开发工程师-前端H5开发,统招本科,3-5年,薪资面议,浙商证券股份有限公司,2000-5000人
杭州,西兴,WEB前端开发,web前端开发工程师,本科,经验不限,20-40k,华为技术有限公司,10000人以上
杭州,四季青,全栈,全栈开发工程师（Java方向）,大专,1-3年,7-11k・13薪,浙江方顶数融科技有限公司,1-49人
杭州,未知,移动开发工程师,集团安全部-移动安全研发工程师/专家-杭州,本科,经验不限,10-20k,阿里巴巴(中国)有限公司,10000人以上
杭州,余杭区,WEB前端开发,前端研发工程师,本科,经验不限,15-25k,中国电建集团华东勘测设计研究院有限公司,5000-10000人
杭州,祥符街道,C++,CAD二次开发,学历不限,经验不限,6-11k,同瀚建筑科技(杭州)有限公司,100-499人
杭州,大关,WEB前端开发,高级前端开发工程师,统招本科,3-5年,15-30k・16薪,成都太初万物科技有限公司,1-49人
杭州,小营,WEB前端开发,中级前端工程师,统招本科,3-5年,7-15k,杭州中治道信息科技有限公司,1-49人
杭州,三堡,WEB前端开发,前端开发,本科,3-5年,12-15k,杭州楠大环保科技有限公司,100-499人
杭州,近江,WEB前端开发,前端开发工程师,大专,1-3年,10-20k,浙江泽大云科技有限公司,500-999人
杭州,余杭区,WEB前端开发,前端开发工程师-支付,本科,经验不限,18-45k・15薪,北京今日头条科技有限公司,10000人以上
杭州,黄龙,WEB前端开发,前端开发,本科,3-5年,10-15k,杭州乐湾科技有限公司,100-499人
杭州,浦沿,WEB前端开发,实习web开发工程师,本科,经验不限,6-12k,杭州众力网络科技有限公司,100-499人
杭州,黄龙,WEB前端开发,web前端工程师,大专,经验不限,8-15k,浙江智天慧地科技有限公司,1-49人
杭州,闲林,WEB前端开发,ReactNative开发,大专,1-3年,8-13k,杭州太仆汽车科技有限公司,50-99人
杭州,余杭区,WEB前端开发,web前端（双休）,大专,1-3年,10-15k,杭州七凌科技有限公司,100-499人
杭州,未知,WEB前端开发,前端工程师,学历不限,3-5年,20-30k,四川胜薪企业管理有限公司,1-49人
杭州,余杭区,WEB前端开发,Senior Front-end Developer,学历不限,3-5年,22-35k・13薪,北京薪宇企业管理咨询有限公司,100-499人
杭州,未知,WEB前端开发,前端开发工程师（国资）,硕士,3-5年,15-25k,杭州佳维管理咨询有限公司,
杭州,望江,WEB前端开发,WEB前端开发-杭州,本科,5-10年,13-18k,大连华钦软件技术有限公司,1000-2000人
杭州,滨江区,软件测试,测试（APP测试）,统招本科,3-5年,10-12k,杭州科之锐人力资源有限公司,10000人以上
杭州,滨江区,WEB前端开发,高级前端开发工程师,本科,5-10年,12-18k・14薪,江苏高凡企业管理集团有限公司,50-99人
杭州,未知,WEB前端开发,前端工程师,硕士,1-3年,25-35k,北京筑英达信息技术有限公司,1000-2000人
杭州,未知,WEB前端开发,web前端工程师,本科,经验不限,15-30k・14薪,北京外企德科人力资源服务上海有限公司,10000人以上
杭州,南肖埠,WEB前端开发,高级前端工程师,大专,5-10年,15-25k,杭州祥升科技有限公司,100-499人
杭州,市心北路,WEB前端开发,高级前端工程师（VTK）,大专,3-5年,16-25k,杭州健培科技有限公司,100-499人
杭州,西溪,WEB前端开发,前端开发(J10224),本科,1-3年,14-22k,浙江民泰商业银行股份有限公司,5000-10000人
杭州,河上,WEB前端开发,WEB前端开发,本科,1-3年,13-18k・13薪,杭州科百特过滤器材有限公司,2000-5000人
杭州,金惠路,WEB前端开发,科大讯飞-高级前端开发-合肥,本科,3-5年,20-30k・15薪,科大讯飞股份有限公司,10000人以上
杭州,东湖,WEB前端开发,uni-app开发工程师,本科,3-5年,16-25k,杭州智诊科技有限公司,50-99人
杭州,西溪,WEB前端开发,前端产品技术开发,本科,5-10年,15-25k,中国电建集团华东勘测设计研究院有限公司,5000-10000人
杭州,钱江新城,Java,研发经理(冰品、食品方向）,大专,3-5年,10-15k,哈尔滨马迭尔食品股份有限公司,100-499人
杭州,未知,移动开发工程师,钉钉-终端开发工程师-（iOS、Android、Windows、Mac、Linux、前端、鸿蒙）,本科,经验不限,10-20k,阿里巴巴(中国)有限公司,10000人以上
杭州,长河,移动开发工程师,鸿蒙开发工程师,本科,1-3年,10-15k,正信票研信息咨询(杭州)有限公司,1-49人
杭州,浦沿,WEB前端开发,前端开发工程师,本科,1年以下,7-9k・14薪,杭州扬拓科技有限公司,1-49人
杭州,沈半路沿线,WEB前端开发,高级前端开发工程师,本科,3-5年,12-17k,浙江衡久科技有限公司,1-49人
杭州,余杭区,WEB前端开发,WEB前端开发工程师,大专,1-3年,8-10k,杭州汇晨科技有限公司,100-499人
杭州,乔司,WEB前端开发,小程序工程师,大专,经验不限,7-12k,浙江米丰科技有限公司,1-49人
杭州,朝晖,WEB前端开发,web前端开发工程师,统招本科,3-5年,13-25k,中国电建集团华东勘测设计研究院有限公司,5000-10000人
杭州,长河,WEB前端开发,WEB前端工程师,本科,经验不限,15-30k,华为技术有限公司,10000人以上
杭州,滨江区,WEB前端开发,react web前端工程师,大专,1-3年,11-13k,杭州领阳拍卖有限公司,1-49人
杭州,未知,HTML5,阿里云智能-前端开发专家-集群运维管理平台-杭州,本科,经验不限,10-20k,阿里云计算有限公司,10000人以上
杭州,西兴,WEB前端开发,前端开发工程师,本科,经验不限,9-16k・13薪,博克软件(杭州)有限公司,100-499人
杭州,湖墅,WEB前端开发,前端开发工程师,统招本科,3-5年,9-15k,天津易商数科科技股份有限公司,500-999人
杭州,祥符街道,WEB前端开发,高级web前端开发工程师,大专,1-3年,9-12k,杭州赛虎科技有限公司,1-49人
杭州,浦沿,WEB前端开发,前端,大专,1-3年,10-15k,杭州卓软科技有限公司,100-499人
杭州,浦沿,WEB前端开发,前端开发,本科,3-5年,10-15k,杭州勒芒科技有限公司,50-99人
杭州,未知,WEB前端开发,集团安全部-前端开发工程师-杭州,本科,经验不限,10-20k,阿里巴巴(中国)有限公司,10000人以上
杭州,西溪,WEB前端开发,web前端工程师,大专,1-3年,8-15k,杭州千家网络有限公司,1-49人
杭州,育才路,全栈,全栈工程师,本科,经验不限,5-10k,浙江胜越电芯科技有限公司,1-49人
杭州,下沙,C++,游戏主程,学历不限,3-5年,7-15k,杭州乾钱前科技有限公司,1-49人
杭州,三墩,C++,上位机软件工程师,本科,经验不限,10-15k,杭州飞哲仪器有限公司,1-49人
杭州,萧山区,WEB前端开发,前端,大专,3-5年,10-15k,数企互动科技(杭州)有限公司,1-49人
杭州,浦沿,WEB前端开发,web前端工程师,本科,3-5年,10-15k,浙江戎鼎科技有限公司,1-49人
杭州,朝晖,WEB前端开发,软件工程师,本科,经验不限,15-20k,中国电建集团华东勘测设计研究院有限公司,5000-10000人
杭州,钱江新城,WEB前端开发,前端开发工程师,本科,3-5年,10-15k,湖州赢河信息科技有限公司,50-99人
杭州,滨江区,WEB前端开发,前端工程师,学历不限,3-5年,20-30k,四川胜薪企业管理有限公司,100-499人
杭州,未知,WEB前端开发,高级前端开发工程师,学历不限,1-3年,25-40k・13薪,江苏江海国际经济技术合作有限公司,10000人以上
杭州,钱塘区,WEB前端开发,WEB前端工程师,学历不限,3年以上,12-18k・13薪,上海瀚仕企业管理咨询有限公司,2000-5000人
杭州,未知,WEB前端开发,前端开发工程师,学历不限,3-5年,20-21k,江苏高凡企业管理集团有限公司,50-99人
杭州,未知,WEB前端开发,高级前端开发工程师,学历不限,5-10年,12-18k・13薪,江苏高猎企业管理有限公司,50-99人
杭州,未知,WEB前端开发,WEB前端工程师,大专,5-10年,20-35k・13薪,江苏江海国际经济技术合作有限公司,50-99人
杭州,未知,WEB前端开发,前端web开发工程师,统招本科,3年以上,19-25k,上海汉仕企业管理咨询有限公司,1000-2000人
杭州,三塘,WEB前端开发,web前端开发,本科,3-5年,10-15k,杭州阅章科技有限公司,50-99人
杭州,未知,WEB前端开发,web前端开发工程师,本科,3-5年,10-15k,令克软件(杭州)有限公司,50-99人
杭州,凯旋,WEB前端开发,前端开发工程师,大专,1-3年,10-20k,杭州丈浔科技有限公司,100-499人
杭州,滨江区,Java,Java,学历不限,3-5年,10-15k,众汇海成(天津)企业管理咨询有限公司,10000人以上
杭州,未知,WEB前端开发,前端开发工程师（手机orH5方向）,学历不限,3-5年,25-35k,河北极限迁跃企业管理咨询有限公司,1000-2000人
杭州,滨江区,WEB前端开发,前端开发 (中央研究院-属性开发全链路自动化项目),统招本科,5-10年,15-20k,南昌学成教育科技有限公司,100-499人
杭州,未知,WEB前端开发,前端开发专家,本科,5年以上,35-60k・16薪,成都新大瀚人力资源管理有限公司,10000人以上
杭州,滨江区,WEB前端开发,软件工程师,本科,5-10年,25-35k,杭州启相企业管理咨询有限公司,50-99人
杭州,未知,WEB前端开发,前端开发,统招本科,1-5年,30-60k,上海瀚纳仕人才管理咨询有限公司,100-499人
杭州,未知,WEB前端开发,自动化测试开发师,本科,3-5年,9-13k・13薪,日通(大连)人才咨询有限公司,100-499人
杭州,龙井,WEB前端开发,全栈工程师,大专,3-5年,6-15k,旅脉(杭州)信息科技有限公司,1-49人
杭州,浦沿,软件测试,大数据测试,本科,1-3年,10-18k,软通动力信息技术(集团)股份有限公司,10000人以上
杭州,长河,Java,华为云软件开发工程师,学历不限,经验不限,10-22k,华为技术有限公司,10000人以上
杭州,乔司,WEB前端开发,前段工程师,大专,3-5年,10-15k,顾家集团有限公司,10000人以上
杭州,南苑,WEB前端开发,资深前端开发工程师,大专,3-5年,10-20k・13薪,杭州店家科技有限公司,100-499人
杭州,西溪,WEB前端开发,web前端工程师,学历不限,3-5年,8-13k,杭州浩洋科技有限公司,1-49人
杭州,未知,移动开发工程师,钉钉-AI研发专家/高级工程师-Agent平台,本科,经验不限,10-20k,阿里巴巴(中国)有限公司,10000人以上
杭州,未知,WEB前端开发,前端开发,大专,3-5年,10-15k,杭州奈门科技有限公司,100-499人
杭州,西溪,WEB前端开发,前端开发工程师,学历不限,3-5年,10-15k,杭州见君信息技术服务有限责任公司,50-99人
杭州,西溪,WEB前端开发,前端,大专,3-5年,8-13k,浙江中海创达科技有限公司,1-49人
杭州,余杭区,WEB前端开发,前端开发工程师,大专,1-3年,10-15k,杭州派迩信息技术有限公司,100-499人
杭州,浦沿,WEB前端开发,web前端,大专,1-3年,8-12k,杭州君南科技有限公司,50-99人
杭州,未知,移动开发工程师,智能信息-Android开发工程师-通义APP,本科,经验不限,10-20k,阿里巴巴(中国)有限公司,10000人以上
杭州,蜀山,WEB前端开发,前端,本科,5-10年,11-20k,大连博镭科技有限公司,1-49人
杭州,乔司,WEB前端开发,web前端,大专,1-3年,8-12k,浙江云德智合数字科技有限公司,1-49人
杭州,西兴,WEB前端开发,前端工程师,学历不限,经验不限,10-13k,新华三技术有限公司,10000人以上
杭州,未知,WEB前端开发,web前端开发工程师,本科,1-3年,10-15k,宏胜饮料集团有限公司,5000-10000人
杭州,三墩,WEB前端开发,资深前端开发工程师-飞书多维表格,统招本科,5年以上,40-70k,北京今日头条科技有限公司,10000人以上
杭州,未知,软件测试,软件测试,本科,1-3年,8-12k,杭州丈浔科技有限公司,100-499人
杭州,黄龙,WEB前端开发,web前端,本科,1-3年,8-12k・14薪,云途信息科技(杭州)有限公司,1-49人
杭州,西溪,WEB前端开发,前端开发工程师,本科,经验不限,8-20k,浙江鸿程计算机系统有限公司,1000-2000人
杭州,城东,WEB前端开发,WEB前端开发,大专,1-3年,8-13k,杭州榜置科技有限公司,1-49人
杭州,文明路,HTML5,前端开发工程师,统招本科,3-5年,10-15k,新华三技术有限公司,10000人以上
杭州,文新,WEB前端开发,中级小程序前端工程师,大专,1-3年,8-10k,杭州星汉互动文化发展股份有限公司,50-99人
杭州,未知,WEB前端开发,web前端开发工程师,大专,经验不限,8-12k,杭州千盟网络科技有限公司,50-99人
杭州,未知,WEB前端开发,前端工程师,本科,经验不限,10-15k,华为技术有限公司,10000人以上
杭州,余杭区,HTML5,前端开发工程师,本科,1-3年,10-16k,杭州海依黛丝国际贸易集团有限公司,100-499人
杭州,未知,WEB前端开发,前端工程师,本科,1-3年,9-13k,杭州彼盟建筑科技管理有限公司,100-499人
杭州,余杭区,WEB前端开发,商城前端开发,统招本科,3-5年,15-30k・15薪,杭州安司源科技有限公司,1-49人
杭州,西溪,WEB前端开发,WEB前端开发工程师,大专,1-3年,9-13k,杭州有云科技有限公司,100-499人
杭州,文明路,WEB前端开发,前端开发工程师,本科,3年以上,20-30k,广域铭岛数字科技有限公司,500-999人
杭州,古荡,WEB前端开发,Java,本科,1-3年,8-12k,杭州佳宴科技有限公司,1-49人
杭州,余杭区,C++,C++软件开发工程师,本科,1-3年,10-20k,杭州领挚科技有限公司,1-49人
杭州,滨江区,WEB前端开发,WEB前端工程师,本科,经验不限,20-40k・14薪,北京科锐国际人力资源股份有限公司,10000人以上
杭州,未知,WEB前端开发,前端+移动端安卓开发,统招本科,3-5年,15-30k・14薪,武汉仕和人力资源有限公司,500-999人
杭州,富阳区,HTML5,H5开发工程师,本科,5-10年,11-14k,如是纵横(武汉)科技有限公司,1-49人
杭州,上城区,WEB前端开发,前端开发工程师-杭州（社招/2月下旬杭州现场面试）,硕士,1-3年,20-25k・13薪,武汉纳仕通人力资源有限公司,1000-2000人
杭州,未知,WEB前端开发,前端开发专家（CAD领域）,统招本科,5-10年,30-40k・15薪,杭州琅琅管理咨询有限公司,1000-2000人
杭州,滨江区,C++,C++ 杭州,本科,1-3年,10-15k,安徽众猎人力资源开发有限公司,10000人以上
杭州,未知,WEB前端开发,前端,学历不限,经验不限,25-45k・13薪,北京天开管理咨询有限公司,10000人以上
杭州,西湖区,全栈,全栈,本科,经验不限,10-13k,江苏物润船联网络股份有限公司,100-499人
杭州,浦沿,WEB前端开发,前端开发工程师,本科,3-5年,9-14k・13薪,杭州麦田科技信息有限公司,50-99人
杭州,滨江区,WEB前端开发,前端开发工程师,大专,1-3年,9-14k・13薪,杭州气象科技开发有限公司,50-99人
杭州,宁围,WEB前端开发,移动web前端开发工程师,大专,3-5年,10-15k,江西盲开心信息科技有限公司,100-499人
杭州,望江,WEB前端开发,前端开发高级工程师,大专,3-5年,10-15k,杭州奋兮科技有限公司,1-49人
杭州,未知,WEB前端开发,WEB前端开发工程师,本科,1-3年,10-15k,杭州会友科技有限公司,1-49人
杭州,城东,WEB前端开发,高级前端开发工程师,大专,1-3年,8-13k,杭州榜置科技有限公司,1-49人
杭州,西湖区,WEB前端开发,高级前端开发工程师-飞书,本科,5-10年,30-60k・15薪,北京今日头条科技有限公司,10000人以上
杭州,余杭区,WEB前端开发,前端开发工程师-广告系统,本科,经验不限,30-50k・15薪,北京今日头条科技有限公司,10000人以上
杭州,未知,WEB前端开发,web前端开发工程师,大专,1-3年,10-15k,杭州会友科技有限公司,1-49人
杭州,金鸡路,WEB前端开发,WEB前端工程师,本科,3-5年,14-20k,上海弗政科技有限公司,50-99人
杭州,彭埠,移动开发工程师,flutter开发工程师,大专,1-3年,11-15k,杭州宇络网络技术有限公司,100-499人
杭州,滨江区,软件测试,技术运营工程师-【游戏平台】,学历不限,2-8年,9-14k・13薪,广东智通美瀚人力资源有限公司,10000人以上
杭州,未知,WEB前端开发,资深前端开发工程师,本科,经验不限,30-60k,上海高凡人力资源有限公司,1-49人
杭州,未知,WEB前端开发,前端研发工程师,统招本科,5-10年,30-50k・18薪,北京天开管理咨询有限公司,2000-5000人
杭州,余杭区,WEB前端开发,资深前端（主管）,本科,5-10年,30-50k・13薪,上海岱澳人才信息咨询有限公司,1-49人
杭州,余杭区,WEB前端开发,WEB前端工程师,本科,经验不限,25-50k・14薪,四川领才人力资源服务有限公司,1-49人
杭州,未知,WEB前端开发,前端+Andriod安卓开发（本科+base杭州）,统招本科,5-10年,15-30k・14薪,武汉仕和人力资源有限公司,500-999人
杭州,乔司,WEB前端开发,web前端开发工程师,本科,3-5年,10-15k,杭州中奥科技有限公司,100-499人
杭州,西溪,WEB前端开发,JAVA前端开发工程师,本科,经验不限,10-20k,杭州莱文科技有限公司,50-99人
杭州,西溪,WEB前端开发,web前端开发工程师,学历不限,1-3年,7-12k・13薪,浙江访师信息科技有限公司,1-49人
杭州,未知,WEB前端开发,WEB前端开发工程师,本科,1-3年,8-12k,杭州丈浔科技有限公司,100-499人
杭州,西溪,WEB前端开发,前端开发工程师,大专,1-3年,7-12k・13薪,杭州栈道网络科技有限公司,1-49人
杭州,余杭区,WEB前端开发,中级前端工程师,本科,1-3年,8-15k・13薪,杭州创极速信息技术有限公司,50-99人
杭州,浦沿,WEB前端开发,前端开发工程师,统招本科,3年以下,10-12k,上海致益企业管理有限公司,1-49人
杭州,长河,WEB前端开发,前端开发,大专,1-3年,9-14k,杭州了凡科技有限公司,100-499人
杭州,瓶窑,WEB前端开发,WEB前端开发工程师,本科,经验不限,7-20k,杭州星华测绘有限公司,1-49人
杭州,未知,WEB前端开发,低代码AI前端开发,统招本科,5-10年,30-60k・16薪,上海伯骐人才服务有限公司,10000人以上
杭州,未知,WEB前端开发,前端开发工程师/五险一金/双休,硕士,1-3年,15-30k・13薪,武汉纳仕通人力资源有限公司,1000-2000人
杭州,余杭区,WEB前端开发,前端工程师,本科,3-5年,20-21k,成都诺恒企业管理咨询有限公司,10000人以上
杭州,西湖区,WEB前端开发,前端开发,硕士,1-3年,25-35k,北京筑英达信息技术有限公司,2000-5000人
杭州,未知,WEB前端开发,WEB前端开发,本科,5-10年,30-50k・14薪,上海岱澳人才信息咨询有限公司,1-49人
杭州,未知,WEB前端开发,资深前端工程师,统招本科,经验不限,40-70k,上海高凡人力资源有限公司,1-49人
杭州,未知,WEB前端开发,前端开发工程师,硕士,经验不限,18-35k,道一(天津)企业管理咨询有限公司,1000-2000人
杭州,未知,WEB前端开发,1688事业部-前端工程师-工程架构方向,本科,经验不限,30-50k,阿里巴巴(中国)有限公司,10000人以上
杭州,长河,WEB前端开发,web前端开发工程师,本科,3-5年,10-20k・13薪,杭州国泰科技有限公司,50-99人
杭州,北干,WEB前端开发,初级前端工程师,本科,1-3年,7-12k,杭州极英科技有限公司,1-49人
杭州,余杭区,WEB前端开发,前端开发,本科,5年以上,12-18k,浙江海博拓天信息科技有限公司,2000-5000人
杭州,东新,WEB前端开发,前端开发?程师,大专,1-3年,10-18k,浙江中明政通科技有限公司,1-49人
杭州,文明路,WEB前端开发,前端-五险一金-双休,大专,3-5年,11-12k,北京信联互动科技有限公司,100-499人
杭州,未知,Node.js,node.js工程师,大专,经验不限,8-15k,杭州千盟网络科技有限公司,50-99人
杭州,城东,WEB前端开发,WEB前端开发工程师,大专,1-3年,8-13k,杭州榜置科技有限公司,1-49人
杭州,未知,WEB前端开发,web开发工程师,本科,1-3年,8-12k・15薪,浙江瀛云科技有限公司,100-499人
杭州,四季青,WEB前端开发,web前端,本科,3-5年,10-15k,牛利智能物联科技(杭州)有限公司,50-99人
杭州,西溪,WEB前端开发,web前端工程师,本科,1-3年,10-15k,杭州语聪网络科技有限公司,50-99人
杭州,未知,全栈,阿里云智能-VPC高级研发工程师-杭州,本科,经验不限,10-20k,阿里云计算有限公司,10000人以上
杭州,宁围,WEB前端开发,前端工程师,本科,3-5年,8-20k,杭州智汇明壹医疗科技有限公司,1-49人
杭州,下沙,WEB前端开发,前端+gis开发,大专,3-5年,10-18k,特电(杭州)科技有限公司,50-99人
杭州,朝晖,WEB前端开发,前端工程师,本科,3-5年,10-15k,杭州园小二智能科技有限公司,1-49人
杭州,江南,软件测试,软件测试,统招本科,1-3年,9-15k・13薪,深圳市汇合发展有限公司,10000人以上
杭州,蜀山,WEB前端开发,前端开发,统招本科,1-3年,9-15k,杭州泛康医学科技(集团)有限公司,100-499人
杭州,上城区,WEB前端开发,前端,硕士,3-5年,20-28k・16薪,云途企业管理咨询(天津)有限公司,1000-2000人
杭州,未知,软件测试,软件测试（客户端-教育-包三餐）,本科,2-9年,10-14k,陕西科锐尔人力资源服务有限公司,10000人以上
杭州,未知,WEB前端开发,钉钉-AI研发专家-Agent平台前端,本科,3-5年,35-65k・16薪,北京天开管理咨询有限公司,2000-5000人
杭州,未知,WEB前端开发,前端,硕士,2-10年,20-35k・13薪,西安睿腾天诚人力资源有限公司,1000-2000人
杭州,未知,WEB前端开发,Web开发工程师,统招本科,6年以上,15-25k・13薪,举贤位来信息技术(苏州)有限公司,1-49人
杭州,未知,WEB前端开发,教育AI前端开发工程师,统招本科,5-10年,30-60k・16薪,上海伯骐人才服务有限公司,10000人以上
杭州,上城区,WEB前端开发,前端开发工程师（手机orH5方向）,硕士,3-5年,25-35k,河北极限迁跃企业管理咨询有限公司,1000-2000人
杭州,余杭区,WEB前端开发,前端实习生,本科,3-5年,10-15k,浙江天猫技术有限公司,10000人以上
杭州,长河,WEB前端开发,web前端工程师（外派网易）,大专,1-3年,10-15k・13薪,杭州丈浔科技有限公司,100-499人
杭州,西湖区,WEB前端开发,前端开发工程师-飞书基础组件,本科,3-5年,20-40k・15薪,北京今日头条科技有限公司,10000人以上
杭州,西溪,WEB前端开发,web前端工程师,本科,3-5年,8-18k,迈容智能科技(上海)有限公司,100-499人
杭州,余杭区,WEB前端开发,高级/资深前端研发工程师 - APM,本科,5-10年,30-60k・15薪,北京今日头条科技有限公司,10000人以上
杭州,古荡,WEB前端开发,web前端开发工程师,本科,3-5年,8-14k・13薪,浙江臻善科技股份有限公司,1000-2000人
杭州,西兴,WEB前端开发,Electron前端开发工程师,大专,1-3年,10-18k,杭州鸿宇人工智能技术有限公司,1-49人
杭州,未知,WEB前端开发,WEB前端开发工程师,本科,1-3年,8-14k・14薪,杭州智诚惠通科技有限公司,50-99人
杭州,西溪,WEB前端开发,前端开发工程师,本科,1-3年,10-15k,北京华科天盈技术服务有限公司,1-49人
杭州,浦沿,WEB前端开发,前端研发工程师,本科,5年以上,20-35k,杭州钛朗贸易有限公司,100-499人
杭州,未知,WEB前端开发,前端工程师,大专,1-3年,10-15k,杭州快忆科技有限公司,1-49人
杭州,三墩,WEB前端开发,web前端工程师,统招本科,1-3年,8-13k・13薪,思锐数智康养(杭州)科技有限公司,50-99人
杭州,天水,WEB前端开发,前端开发工程师,学历不限,1-3年,10-20k,杭州启旅网络科技有限公司,50-99人
杭州,黄龙,WEB前端开发,web前端工程师,大专,3-5年,10-15k・13薪,杭州知略科技有限公司,50-99人
杭州,西溪,WEB前端开发,web前端工程师,本科,1年以下,8-12k,杭州觅云投资管理合伙企业(有限合伙),50-99人
杭州,西溪,WEB前端开发,web前端工程师,本科,1-3年,10-15k,浙江核新同花顺网络信息股份有限公司,5000-10000人
杭州,古荡,WEB前端开发,前端开发工程师,本科,经验不限,8-13k,益佳福(杭州)科技有限责任公司,1-49人
杭州,南苑,WEB前端开发,中级前端开发工程师,统招本科,3-5年,10-15k,杭州白泽方舟科技有限公司,1-49人
杭州,未知,WEB前端开发,前端,大专,3-5年,10-15k,浙江东驰科技有限公司,100-499人
杭州,上城区,WEB前端开发,web前端工程师,大专,3-5年,10-20k,浙江工品良行科技有限公司,1-49人
杭州,宁围,WEB前端开发,前端开发工程师,本科,3-5年,10-15k,杭州明象科技有限公司,1-49人
杭州,余杭区,WEB前端开发,前端开发专家-平台架构（低代码方向）,本科,3年以上,35-60k・15薪,北京今日头条科技有限公司,10000人以上
杭州,古荡,WEB前端开发,前端工程师,本科,1-3年,7-13k・13薪,上海玖道信息科技股份有限公司,100-499人
杭州,浦沿,WEB前端开发,前端工程师,本科,1-3年,10-15k・13薪,杭州破浪科技有限公司,1-49人
杭州,未知,WEB前端开发,移动端/前端开发工程师,本科,经验不限,10-15k,蚂蚁科技集团股份有限公司,10000人以上
杭州,浦沿,WEB前端开发,WEB前端开发工程师,统招本科,1-3年,10-15k,金锐软件技术(杭州)有限公司,1000-2000人
杭州,西兴,Node.js,node.js开发,大专,经验不限,8-13k,杭州悠银科技有限公司,1-49人
杭州,长河,WEB前端开发,小程序前端开发工程师,本科,1-3年,9-14k,企搜(杭州)信息网络技术有限公司,1-49人
杭州,良渚,WEB前端开发,前端开发工程师,本科,1-3年,8-14k,杭州唯铂莱生物科技有限公司,100-499人
杭州,西兴,WEB前端开发,前端开发,大专,3年以上,11-18k,浙江吉利控股集团有限公司,10000人以上
杭州,滨江区,WEB前端开发,前端开发工程师,学历不限,1-3年,8-12k,杭州平达科技有限公司,50-99人
杭州,长河,WEB前端开发,web前端开发工程师,统招本科,3-5年,10-20k,紫光云技术有限公司,1000-2000人
杭州,三墩,WEB前端开发,前端开发工程师,大专,1-3年,10-15k,杭州帷拓科技有限公司,50-99人
杭州,未知,WEB前端开发,前端开发,统招本科,经验不限,20-40k・16薪,陕西慧云联达企业管理咨询有限公司,10000人以上
杭州,拱墅区,WEB前端开发,应用软件工程师ASW-杭州,硕士,1-3年,22-40k,南京天奕创业服务有限公司,
杭州,未知,WEB前端开发,前端开发,统招本科,5-10年,35-65k・16薪,成都拓能特人力资源管理有限公司,10000人以上
杭州,未知,WEB前端开发,前端开发-应届生项目,统招本科,1年以下,20-40k・13薪,上海乐赛拉人才服务有限公司,500-999人
杭州,未知,C++,C++,大专,3-5年,10-15k,中软国际科技服务南京有限公司,10000人以上
杭州,余杭区,WEB前端开发,资深前端开发工程师（AI项目/口腔医学）,学历不限,5-10年,30-60k・14薪,上海高凡企业发展集团有限公司,1-49人
杭州,上城区,WEB前端开发,20k-25k前端开发工程师,统招本科,3-5年,20-25k・13薪,广州智瀚企业管理咨询有限公司,100-499人
杭州,望江,全栈,全栈开发工程师,大专,1-3年,7-13k,浙江方顶数融科技有限公司,1-49人
杭州,黄龙,WEB前端开发,前端,大专,3-5年,8-20k,杭州雪晴科技有限责任公司,1-49人
杭州,余杭区,WEB前端开发,前端研发工程师-抖音电商C端,本科,3-5年,26-45k・15薪,北京今日头条科技有限公司,10000人以上
杭州,西溪,WEB前端开发,web前端工程师,本科,1-3年,10-14k,长流(深圳)网络科技有限公司,1-49人
杭州,西溪,WEB前端开发,web前端开发工程师,统招本科,1-3年,5-10k,浙江博瑞荟科数智信息产业有限公司,1-49人
杭州,黄龙,WEB前端开发,前端开发工程师,本科,2-4年,10-15k,浙江B瀚信息科技有限公司,50-99人
杭州,余杭,C++,C++软件工程师,本科,1-3年,10-15k,杭州康普特精密技术有限公司,1-49人
杭州,长河,C++,C++开发工程师,本科,1-3年,10-15k,软通动力信息技术(集团)股份有限公司,10000人以上
杭州,未知,移动开发工程师,智能互联-移动端(Android/IOS) 高级开发工程师-杭州,本科,经验不限,10-20k,阿里巴巴(中国)有限公司,10000人以上
杭州,南苑,C++,初级C++开发工程师,本科,1-3年,9-12k,杭州码全信息科技有限公司,100-499人
杭州,德胜,WEB前端开发,前端开发,本科,1-3年,8-12k・13薪,杭州泛信科技有限公司,1-49人
杭州,余杭区,C++,c++软件工程师,本科,1-3年,6-11k・13薪,杭州睿眼科技有限公司,1-49人
杭州,龙井,全栈,全栈工程师,大专,3-5年,6-15k,旅脉(杭州)信息科技有限公司,1-49人
杭州,长河,软件测试,软件测试工程师,本科,1-3年,8-13k,软通动力信息技术(集团)股份有限公司,10000人以上
杭州,西溪,WEB前端开发,Web前端工程师,统招本科,3-5年,10-20k・13薪,杭州生彩网络科技有限公司,100-499人
杭州,乔司,WEB前端开发,前端开发工程师,本科,3-5年,10-15k,杭州喜蛙文化传媒有限公司,1-49人
杭州,西溪,WEB前端开发,Web前端工程师,统招本科,3-5年,10-20k・13薪,杭州生彩网络科技有限公司,100-499人
杭州,小河,WEB前端开发,前端开发工程师,统招本科,3-5年,25-30k,杭州铭师堂数字科技有限公司,1000-2000人
杭州,西溪,WEB前端开发,资深前端开发工程师,本科,3-5年,10-15k,杭州涂鸦信息技术有限公司,5000-10000人
杭州,滨江区,WEB前端开发,前端开发工程师,学历不限,1-3年,10-15k,万联征信管理有限公司,50-99人
杭州,未知,WEB前端开发,前端工程师,本科,经验不限,30-50k,上海雇贤科技有限公司,
杭州,滨江区,C++,c++工程师,统招本科,3-5年,10-15k・13薪,日通(大连)人才咨询有限公司,100-499人
杭州,未知,WEB前端开发,前端开发工程师-电商C端（用增/客服/营销会场等）,统招本科,3-5年,60-90k・16薪,宏图瀛通(广州)人力资源有限公司,5000-10000人
杭州,未知,WEB前端开发,WEB前端工程师,本科,经验不限,20-35k,北京科锐国际人力资源股份有限公司南京分公司,10000人以上
杭州,未知,WEB前端开发,前端管理 供应链 杭州,统招本科,10年以上,55-75k・16薪,杭州麦趣企业咨询管理有限公司,10000人以上
杭州,未知,WEB前端开发,集团安全部-前端开发工程师-杭州,本科,经验不限,10-20k,阿里巴巴(中国)有限公司,10000人以上
杭州,钱塘区,C++,QT上位机软件开发,本科,1-3年,10-12k・13薪,杭州睿眼科技有限公司,1-49人
杭州,西溪,WEB前端开发,web前端开发工程师,本科,3-5年,9-14k,北京华科天盈技术服务有限公司,1-49人
杭州,南苑,WEB前端开发,初级前端开发工程师,本科,1-3年,9-12k,杭州码全信息科技有限公司,100-499人
杭州,未知,全栈,阿里云智能-平台开发技术专家-CMDB-杭州,本科,经验不限,10-20k,阿里云计算有限公司,10000人以上
杭州,未知,移动开发工程师,钉钉-终端开发工程师-鸿蒙,本科,经验不限,10-20k,阿里巴巴(中国)有限公司,10000人以上
杭州,东新,WEB前端开发,web前端开发工程师,大专,3-5年,10-15k・13薪,杭州齐圣科技有限公司,100-499人
杭州,余杭区,WEB前端开发,WEB前端工程师,统招本科,3-5年,10-22k,浙江核新同花顺网络信息股份有限公司,5000-10000人
杭州,三墩,WEB前端开发,web前端开发工程师,本科,1-3年,5-10k・16薪,杭州点皓科技有限公司,50-99人
杭州,分水,WEB前端开发,中高级前端开发工程师（杭州）,本科,3-5年,10-24k,深圳市长亮科技股份有限公司,5000-10000人
杭州,白杨,移动开发工程师,Flutter 开发工程师,本科,1-3年,9-12k,杭州海绥物联网科技有限公司,1-49人
杭州,长河,WEB前端开发,前端,本科,3-5年,10-15k,新华三技术有限公司,10000人以上
杭州,黄龙,WEB前端开发,前端开发工程师,本科,1-3年,9-14k・14薪,浙江新课堂教育股份有限公司,500-999人
杭州,长河,WEB前端开发,web前端,本科,1-3年,7-12k・13薪,杭州千航科技有限公司,50-99人
杭州,西溪,WEB前端开发,web前端工程师,本科,1-3年,8-15k・13薪,杭州闪易科技有限公司,1-49人
杭州,余杭区,WEB前端开发,中高级前端开发工程师,统招本科,3-5年,12-23k,上海帆立信息科技有限公司,100-499人
杭州,余杭区,WEB前端开发,WEB前端工程师,本科,1-3年,10-15k・13薪,杭州巡天科技有限公司,50-99人
杭州,余杭区,WEB前端开发,前端开发工程师,统招本科,1-3年,8-16k,杭州众腾科技有限公司,1-49人
杭州,转塘,全栈,Java软件开发,大专,3年以上,10-12k,杭州访达科技有限责任公司,1-49人
杭州,浦沿,WEB前端开发,前端开发工程师,本科,1-3年,10-15k,华为技术有限公司,10000人以上
杭州,西兴,WEB前端开发,前端工程师,大专,3-5年,10-19k,深圳市法本信息技术股份有限公司,10000人以上
杭州,南苑,WEB前端开发,web前端开发工程师,统招本科,1-3年,8-16k・13薪,浙江三象数据有限公司,1-49人
杭州,浦沿,WEB前端开发,前端开发工程师,本科,经验不限,10-15k,浙江东驰科技有限公司,100-499人
杭州,宁围,WEB前端开发,前端开发工程师,本科,3-5年,10-15k,杭州明象科技有限公司,1-49人
杭州,余杭区,WEB前端开发,前端开发专家-平台架构（杭州）,本科,经验不限,40-60k・15薪,北京今日头条科技有限公司,10000人以上
杭州,文新,WEB前端开发,前端工程师,本科,1-3年,9-15k,品茗科技股份有限公司,1000-2000人
杭州,文明路,WEB前端开发,前端开发工程师 (MJ071061),本科,5-10年,20-30k,广域铭岛数字科技有限公司,500-999人
杭州,文新,WEB前端开发,WEB前端开发工程师（中级）,本科,1-3年,10-16k・13薪,品茗科技股份有限公司,1000-2000人
杭州,三墩,WEB前端开发,前端开发工程师 -飞书低代码平台,统招本科,2年以上,30-60k,北京今日头条科技有限公司,10000人以上
杭州,余杭,WEB前端开发,前端开发工程师,本科,1-3年,9-13k・13薪,浙江望安科技有限公司,50-99人
杭州,黄龙,WEB前端开发,web前端工程师,本科,1-3年,9-13k,杭州易联创智科技有限公司,1-49人
杭州,祥符街道,WEB前端开发,web前端开发工程师,统招本科,3-5年,8-16k,浙江中科仆汇科技有限公司,1-49人
杭州,未知,移动开发工程师,钉钉-AI研发专家-Agent平台前端,本科,经验不限,10-20k,阿里巴巴(中国)有限公司,10000人以上
杭州,上城区,全栈,Golang,学历不限,1-3年,10-15k,杭州皓学科技有限公司,50-99人
杭州,北干,WEB前端开发,前端开发工程师,大专,1-3年,10-15k,杭州古珀医疗科技有限公司,100-499人
杭州,浦沿,全栈,python全栈,本科,1年以下,7-12k・13薪,杭州荣安科技有限公司,1-49人
杭州,钱江新城,WEB前端开发,前端开发工程师,大专,1-3年,8-15k,杭州集广科技有限公司,50-99人
杭州,祥符街道,WEB前端开发,web前端开发工程师,统招本科,3-5年,10-17k,杭州掌盟软件股份有限公司,100-499人
杭州,文新,WEB前端开发,前端工程师,本科,1-3年,8-13k,杭州玛仔汽车服务有限公司,1-49人
杭州,黄龙,WEB前端开发,web前端开发工程师,本科,3-5年,10-15k,杭州易联创智科技有限公司,1-49人
杭州,余杭区,WEB前端开发,前端开发工程师,本科,3-5年,10-15k,杭州华运智体想动网络科技有限公司,1-49人
杭州,北干,WEB前端开发,前端,大专,1-3年,10-15k,杭州古珀医疗科技有限公司,100-499人
杭州,西兴,WEB前端开发,前端开发,本科,3-5年,10-15k,南京华苏科技有限公司,5000-10000人
杭州,大关,C++,C++软件工程师,本科,1-3年,10-15k,杭州微烁科技有限公司,1-49人
杭州,余杭区,WEB前端开发,前端开发专家-杭州-集群运维管理平台,统招本科,5-10年,30-50k・16薪,青岛汉潇人力资源服务有限公司,10000人以上
杭州,余杭区,Node.js,node.js全栈开发工程师,大专,1-3年,8-13k,江苏一鼎堂软件科技有限公司,100-499人
杭州,余杭区,WEB前端开发,高级前端开发工程师,本科,3-5年,10-15k,淘宝(中国)软件有限公司,2000-5000人
杭州,长河,WEB前端开发,小程序,本科,3-5年,10-15k,浙江慧储科技有限公司,50-99人
杭州,未知,WEB前端开发,资深前端,本科,经验不限,30-60k,上海高凡企业发展集团有限公司,5000-10000人
杭州,浦沿,WEB前端开发,web前端,本科,1-3年,9-15k・13薪,信雅达科技股份有限公司,5000-10000人
杭州,未知,WEB前端开发,前端web开发工程师,本科,1-3年,8-10k,浙江国通电气科技有限公司,1-49人
杭州,长河,WEB前端开发,前端开发工程师,本科,3-5年,8-15k・13薪,杭州典旭科技有限公司,1-49人
杭州,西溪,WEB前端开发,前端开发工程师,大专,2年以上,13-25k,浙江智唐科技有限公司,1-49人
杭州,三墩,WEB前端开发,前端开发工程师,学历不限,1-3年,7-10k・13薪,浙江智慧划云科技有限公司,50-99人
杭州,浦沿,WEB前端开发,前端开发,大专,1-3年,10-15k,北京中软联动科技有限公司,100-499人
杭州,未知,WEB前端开发,1688-高级前端开发工程师-交易履约,本科,经验不限,30-50k,阿里巴巴(中国)有限公司,10000人以上
杭州,西溪,WEB前端开发,web前端开发工程师,大专,1-3年,10-13k,浙江易网科技股份有限公司,100-499人
杭州,西溪,WEB前端开发,前端开发工程师（初级）,大专,1-3年,6-10k,杭州奈坦网络科技有限公司,1-49人
杭州,余杭区,WEB前端开发,前端开发专家（杭州）,本科,3-5年,25-60k・15薪,北京今日头条科技有限公司,10000人以上
杭州,西溪,WEB前端开发,WEB前端开发工程师,硕士,经验不限,10-15k,浙江省测绘科学技术研究院,1000-2000人
杭州,未知,移动开发工程师,智能互联-iOS应用开发专家-深圳/杭州,本科,经验不限,10-20k,阿里巴巴(中国)有限公司,10000人以上
杭州,长河,WEB前端开发,前端开发工程师,本科,1-3年,11-22k,大连但以理科技有限公司,1-49人
杭州,未知,WEB前端开发,1688事业部-前端开发工程师-1688 AI Pilot,本科,经验不限,30-50k,阿里巴巴(中国)有限公司,10000人以上
杭州,黄龙,WEB前端开发,前端开发工程师,本科,3-5年,10-15k,浙江求是招标代理有限公司,50-99人
杭州,长河,WEB前端开发,web前端开发工程师,本科,1-3年,10-20k,杭州米雅信息科技有限公司,100-499人
杭州,黄龙,WEB前端开发,web前端工程师,本科,3-5年,10-15k,北京霍因科技有限公司,1-49人
杭州,闲林,WEB前端开发,前端开发,本科,1-3年,8-13k・13薪,浙江领泽合希信息技术有限公司,50-99人
杭州,文新,WEB前端开发,前端开发工程师,大专,3-5年,11-20k,杭州小链软件技术有限公司,50-99人
杭州,东新,WEB前端开发,前端开发工程师,本科,3-5年,10-15k・13薪,上海中软华腾软件系统有限公司,5000-10000人
杭州,西溪,WEB前端开发,前端开发工程师,本科,5-10年,8-10k,浙江舒博特网络科技有限公司,1-49人
杭州,北干,WEB前端开发,前端开发工程师,大专,1-3年,9-15k,杭州启乐云网络科技有限公司,50-99人
杭州,北干,WEB前端开发,WEB前端开发工程师,本科,3-5年,11-22k,宣城脸云物连数字科技有限公司,1-49人
杭州,长河,C++,c++开发工程师,本科,1-3年,7-15k・13薪,杭州贝鲁卡卡网络科技有限公司,1-49人
杭州,余杭区,移动开发工程师,移动开发工程师,本科,3-5年,10-15k,西安拾焰创投科技有限公司,50-99人
杭州,祥符街道,WEB前端开发,webgis开发工程师,本科,1-3年,7-12k,中科沣图(杭州)科技有限公司,1-49人
杭州,四季青,WEB前端开发,前端开发工程师,本科,1-3年,11-20k,上海笃诚私募基金管理有限公司,1-49人
杭州,长河,WEB前端开发,前端工程师,本科,3-5年,10-20k・13薪,杭州指南针特资数字科技有限公司,1-49人
杭州,闲林,WEB前端开发,web前端工程师,本科,1-3年,10-13k,亚思塔(杭州)信息科技有限公司,1-49人
杭州,东新,WEB前端开发,web前端开发工程师,学历不限,经验不限,9-13k,杭州制保科技有限公司,1-49人
杭州,未知,WEB前端开发,高级WEB前端开发工程师,本科,2-5年,10-15k,杭州易取科技有限公司,1-49人
杭州,黄龙,C++,Windows C++软件开发工程师,本科,1-3年,8-12k・13薪,杭州迅美科技有限公司,1-49人
杭州,西兴,WEB前端开发,web前端开发工程师,本科,1-3年,10-15k・13薪,杭州益眼信息科技有限公司,1-49人
杭州,近江,WEB前端开发,WEB前端工程师,本科,1-3年,7-12k,上海雍峥信息科技有限公司,50-99人
杭州,宁围,全栈,全栈工程师,本科,1-3年,9-13k,杭州智d科技有限公司,1-49人
杭州,乔司,C++,CUDA开发工程师,本科,1-3年,10-16k,杭州天智融通科技有限公司,50-99人
杭州,小营,WEB前端开发,web前端开发,本科,1-3年,8-13k,杭州艺是网络科技有限公司,50-99人
杭州,浦沿,WEB前端开发,前端开发工程师,本科,1-3年,8-10k,杭州旦电科技有限公司,50-99人
杭州,浦沿,Node.js,node.js后端开发工程师,本科,1-3年,10-20k,浙江慧仓智能科技有限公司,100-499人
杭州,未知,WEB前端开发,前端开发工程师,大专,3-5年,6-11k,杭州芒种科技有限公司,50-99人
杭州,四季青,WEB前端开发,web前端,本科,3-5年,11-20k,浙江邻邻柒科技有限公司,1-49人
杭州,长河,WEB前端开发,前端开发,统招本科,1-3年,10-17k,捷程易信(杭州)信息技术有限公司,500-999人
杭州,富春,HTML5,前端工程师,本科,1年以下,7-12k,杭州集联科技有限公司,50-99人
杭州,黄龙,WEB前端开发,高级前端开发工程师,本科,3-5年,12-20k,杭州蓝灯科技有限公司,1-49人
杭州,长河,WEB前端开发,Web前端开发工程师（云协作办公）-外派,本科,3-5年,12-20k,上海微创软件股份有限公司,10000人以上
杭州,浦沿,WEB前端开发,WEB前端开发,统招本科,5-10年,10-20k・13薪,杭州恒朴电子科技有限公司,50-99人
杭州,未知,WEB前端开发,web前端工程师,本科,3-5年,15-25k・15薪,杭州城市大脑技术与服务有限公司,100-499人
杭州,文新,WEB前端开发,web前端开发（医疗互联网）,统招本科,3-5年,10-22k・13薪,宁波市科技园区明天医网科技有限公司,100-499人
杭州,未知,WEB前端开发,WEB前端开发工程师,本科,1-3年,10-15k,英顾(杭州)教育科技有限公司,50-99人
杭州,未知,WEB前端开发,前端开发工程师,大专,1-3年,11-20k,柯信信息科技有限公司,10000人以上
杭州,文新,WEB前端开发,前端开发工程师,本科,3-5年,10-20k,英飞拓(杭州)信息系统技术有限公司,100-499人
杭州,闲林,WEB前端开发,WEB前端工程师,本科,5-10年,15-35k,中国电建集团华东勘测设计研究院有限公司,5000-10000人
杭州,长河,Java,对日开发工程师,学历不限,1-3年,7-11k,杭州溢讯科技有限公司,1-49人
杭州,滨江区,WEB前端开发,业务软件开发经理,学历不限,5-10年,30-50k,易沃克人才服务(苏州)有限公司,500-999人
杭州,黄龙,WEB前端开发,web前端开发工程师,本科,1-3年,10-15k・13薪,杭州渡头网络科技有限公司,100-499人
杭州,乔司,WEB前端开发,软件产品经理,本科,5-10年,10-25k,中科数遥(杭州)科技有限公司,1-49人
杭州,西溪,WEB前端开发,前端工程师,本科,经验不限,10-15k・13薪,杭州泛信科技有限公司,1-49人
杭州,南苑,WEB前端开发,前端开发工程师(小程序),统招本科,1-3年,6-10k,杭州栗伙健康科技有限公司,1-49人
杭州,西兴,WEB前端开发,WEB前端开发组长JD,本科,3-5年,10-15k・13薪,杭州星戈玛智能科技有限公司,1-49人
杭州,西湖区,WEB前端开发,web工程师,大专,1-3年,6-10k,杭州会盈进出口有限公司,50-99人
杭州,未知,WEB前端开发,web前端工程师,本科,1-3年,10-15k・13薪,杭州可当科技有限公司,100-499人
杭州,米市巷,WEB前端开发,web前端开发工程师,本科,3-5年,10-15k・13薪,杭州云甲软件技术有限公司,50-99人
杭州,萧山区,WEB前端开发,前端工程师,大专,1-3年,10-20k・13薪,好运时代物联网科技有限公司,100-499人
杭州,西兴,WEB前端开发,WEP前端技术人员,大专,3-5年,11-18k,博笃善道网络科技有限责任公司,50-99人
杭州,闲林,WEB前端开发,WEB前端开发工程师,统招本科,1-3年,11-18k,深圳市时代微云科技有限公司,50-99人
杭州,余杭区,WEB前端开发,资深前端研发工程师-抖音电商创作者,本科,5-10年,26-45k・15薪,北京今日头条科技有限公司,10000人以上
杭州,富阳区,C++,c++开发工程师,本科,经验不限,9-14k・14薪,杭州一芽科技有限公司,1-49人
杭州,临平区,软件测试,调试工程师,本科,3-5年,9-12k・13薪,杭州时代电动科技有限公司,100-499人
杭州,黄龙,WEB前端开发,web前端工程师,大专,1-3年,10-15k・13薪,杭州北明数科信息技术有限公司,1-49人
杭州,未知,WEB前端开发,web前端工程师,大专,1-3年,10-15k,杭州会友科技有限公司,1-49人
杭州,长河,HTML5,前端工程师,统招本科,3-5年,10-30k,浙大城市学院滨江创新中心,50-99人
杭州,余杭,移动开发工程师,VR/AR工程师,本科,3-5年,8-12k,浙江通鹏智能科技有限公司,1-49人
杭州,钱塘区,WEB前端开发,WEB前端开发工程师,本科,2-4年,12-20k,广州保碧新能源科技有限公司,
杭州,西湖区,WEB前端开发,资深前端开发工程师-飞书多维表格,本科,5-10年,40-80k・15薪,北京今日头条科技有限公司,10000人以上
杭州,长河,WEB前端开发,中级前端开发工程师,大专,5-10年,10-25k,杭州小蜴网络技术有限公司,50-99人
杭州,未知,WEB前端开发,前端开发,学历不限,3-5年,10-15k,人瑞人才科技集团有限公司,100-499人
杭州,未知,WEB前端开发,Remote Frontend Web Developer,统招本科,1-3年,10-11k,杭州程盟企业管理有限公司,100-499人
杭州,长河,移动开发工程师,ArkTS鸿蒙开发-北京 南京 杭州 上海 深圳等地域不限,大专,经验不限,10-20k,中软国际科技服务有限公司,10000人以上
杭州,滨江区,Java,Java开发工程师,统招本科,3-5年,11-15k,石家庄欧神人力资源服务有限公司,10000人以上
杭州,未知,软件测试,软件测试,本科,3-5年,10-15k,上海玄朔企业管理咨询有限公司,50-99人
杭州,未知,WEB前端开发,低代码技术支持（前端开发经验）,本科,3-5年,10-15k,湖北筑晟劳务有限公司,10000人以上
杭州,良渚,WEB前端开发,兼职前端开发,学历不限,经验不限,9-21k,杭州有龙科技有限公司,1-49人
杭州,白杨,WEB前端开发,前端开发工程师,统招本科,1-3年,7-11k,杭州海绥物联网科技有限公司,1-49人
杭州,西溪,WEB前端开发,前端工程师,大专,3-5年,10-15k,浙江双环传动机械股份有限公司,2000-5000人
杭州,萧山区,全栈,WEB开发工程师,本科,3-5年,10-15k,上海玄朔企业管理咨询有限公司,50-99人
杭州,未知,Java,Java开发（23/24届）,本科,2年以下,8-13k,苏州市科创人力资源服务有限公司,100-499人
杭州,长河,移动开发工程师,鸿蒙开发（杭州/上海/南京）,大专,3-5年,11-20k,软通动力信息技术(集团)股份有限公司,10000人以上
杭州,东新,WEB前端开发,前端开发工程师,本科,2年以上,薪资面议,人本股份有限公司,10000人以上
杭州,西兴,WEB前端开发,WEB前端开发助理工程师(RD07),本科,1年以下,7-14k,浙江宇视科技有限公司,2000-5000人
杭州,未知,WEB前端开发,阿里云智能-前端开发专家-云内可观测-北京/杭州,本科,经验不限,10-20k,阿里云计算有限公司,10000人以上
杭州,三墩,WEB前端开发,前端开发工程师,本科,1年以上,8-12k,上海森亿医疗科技有限公司,500-999人
杭州,杭州新天地,WEB前端开发,WEB前端开发工程师,大专,2年以上,9-13k,人本股份有限公司,10000人以上
杭州,临平区,WEB前端开发,前端开发工程师,统招本科,4年以上,8-14k,杭州本松新材料技术股份有限公司,100-499人
杭州,西兴,软件测试,软件测试助理工程师(RD41),本科,1年以下,7-14k,浙江宇视科技有限公司,2000-5000人
杭州,长河,C++,c++测试（线上面试+周末加班双倍加班费）,统招本科,1-3年,10-15k,软通动力信息技术(集团)股份有限公司,10000人以上
杭州,未知,移动开发工程师,智能互联-JAVA开发工程师-杭州,本科,经验不限,10-20k,阿里巴巴(中国)有限公司,10000人以上
杭州,西兴,软件测试,软件测试工程师,本科,2年以上,6-12k,浙江汉脑数码科技有限公司,100-499人
杭州,艮山,移动开发工程师,鸿蒙开发工程师,本科,经验不限,7-10k・13薪,浙江杭钻机械制造股份有限公司,100-499人
杭州,未知,软件测试,智能互联-软件测试工程师-杭州,本科,经验不限,10-20k,阿里巴巴(中国)有限公司,10000人以上
杭州,近江,WEB前端开发,react前端开发-PC端或umi或dva经验优先,统招本科,3-5年,11-18k,北京独创时代科技有限公司,100-499人
杭州,大关,WEB前端开发,web前端,统招本科,1-3年,7-11k,杭州智金云算科技有限公司,1-49人
杭州,余杭区,移动开发工程师,鸿蒙开发工程师,大专,2年以上,11-20k,深圳市法本信息技术股份有限公司,10000人以上
杭州,翠苑,移动开发工程师,鸿蒙开发工程师,大专,1-3年,10-18k,上海思芮信息科技有限公司,2000-5000人
杭州,西兴,WEB前端开发,前端开发,本科,1-3年,8-24k,浙江汉脑数码科技有限公司,100-499人
杭州,城东,WEB前端开发,基于Electron框架的桌面客户端开发,本科,经验不限,10-25k,上海浅度智能科技有限公司,1-49人
杭州,西兴,WEB前端开发,前端开发,本科,3-5年,10-16k,上海煜麦网络科技有限公司,50-99人
杭州,西兴,软件测试,软件测试工程师(RD41),本科,1-3年,10-20k,浙江宇视科技有限公司,2000-5000人
杭州,三塘,WEB前端开发,前端工程师,本科,3-5年,10-16k,杭州雅拓信息技术有限公司,100-499人
杭州,萧山区,WEB前端开发,高级前端开发工程师,大专,3-5年,7-15k・13薪,海南脉嘹云计算集团有限公司,100-499人
杭州,杭州新天地,WEB前端开发,前端开发工程师,大专,1-3年,薪资面议,人本股份有限公司,10000人以上
杭州,未知,移动开发工程师,钉钉-前端研发工程师-教育钉,本科,经验不限,10-20k,阿里巴巴(中国)有限公司,10000人以上
杭州,长河,软件测试,软件测试工程师,统招本科,1-3年,11-16k,软通动力信息技术(集团)股份有限公司,10000人以上
杭州,长河,软件测试,软件测试工程师,本科,1-3年,9-13k,软通动力信息技术(集团)股份有限公司,10000人以上
杭州,望江,WEB前端开发,WEB前端开发工程师,本科,3年以上,10-20k,北京轻网科技股份有限公司,100-499人
杭州,未知,移动开发工程师,钉钉-终端开发工程师-（iOS、Android、Windows、Mac、Linux、前端、鸿蒙）,本科,经验不限,10-20k,阿里巴巴(中国)有限公司,10000人以上
杭州,滨江区,WEB前端开发,前端,本科,经验不限,15-30k・14薪,北京外企德科人力资源服务上海有限公司,10000人以上
杭州,未知,WEB前端开发,h5(泛微oa),本科,3-5年,14-16k,上海嘉驰商务咨询有限公司,1000-2000人
杭州,未知,WEB前端开发,前端工程师JS方向（大厂，双休）,统招本科,经验不限,19-35k・14薪,陕西科锐尔人力资源服务有限公司,10000人以上
杭州,未知,WEB前端开发,资深前端工程师（稳定，背景行业好）,硕士,3-5年,10-15k,杭州德聘优才企业管理咨询有限公司,50-99人
杭州,滨江区,WEB前端开发,WEB前端开发工程师（需要JS）,统招本科,1年以下,20-40k・14薪,北京科锐国际人力资源股份有限公司,10000人以上
杭州,滨江区,WEB前端开发,中级前端开发工程师,统招本科,经验不限,15-30k・16薪,陕西慧云联达企业管理咨询有限公司,10000人以上
杭州,未知,WEB前端开发,WEB前端工程师,统招本科,经验不限,13-24k,北京外企德科人力资源服务上海有限公司,10000人以上
杭州,未知,全栈,阿里云智能-对象存储高级开发工程师-杭州,本科,经验不限,10-20k,阿里云计算有限公司,10000人以上
杭州,艮山,WEB前端开发,前端开发（杭州）,大专,4年以上,10-15k,必达控股集团有限公司,500-999人
杭州,彭埠,WEB前端开发,前端,本科,3年以上,10-15k,北京宏远科创软件有限公司,1-49人
杭州,西溪,WEB前端开发,高级前端开发工程师,统招本科,3-5年,11-22k,浙江企朋网络技术有限公司,100-499人
杭州,浦沿,WEB前端开发,高级前端工程师,本科,1-3年,7-10k・13薪,杭州极斗科技有限公司,1-49人
杭州,仓前,WEB前端开发,WEB前端开发,本科,1-3年,10-15k,杭州原数科技有限公司,1-49人
杭州,杭州新天地,WEB前端开发,前端工程师,大专,经验不限,12-20k,人本股份有限公司,10000人以上
杭州,余杭,WEB前端开发,中级前端开发工程师,本科,3-5年,10-18k,浙江聿力科技有限公司,50-99人
杭州,富阳区,WEB前端开发,前端工程师（实习）,统招本科,2年以下,6-8k,浙江慧远工程数据技术有限公司,50-99人
杭州,西溪,WEB前端开发,前端工程师,统招本科,1-3年,8-13k・13薪,浙江金惠科技有限公司,100-499人
杭州,乔司,HTML5,前端工程师,本科,经验不限,8-10k・14薪,杭州波牛科技有限公司,1-49人
杭州,三墩,WEB前端开发,前端开发工程师,统招本科,经验不限,40-60k・16薪,北京今日头条科技有限公司,10000人以上
杭州,未知,移动开发工程师,钉钉-AI研发专家-Agent平台,本科,经验不限,10-20k,阿里巴巴(中国)有限公司,10000人以上
杭州,余杭区,WEB前端开发,全栈研发工程师-Ads Dev Infra,本科,经验不限,30-100k・15薪,北京今日头条科技有限公司,10000人以上
杭州,西溪,软件测试,软件测试岗,本科,1-3年,10-20k,浙江民泰商业银行股份有限公司,5000-10000人
杭州,萧山区,WEB前端开发,前端开发工程师,本科,经验不限,12-35k,万向一二三股份公司,1000-2000人
杭州,西溪,WEB前端开发,Flutter前端开发工程师,本科,3-5年,10-15k,杭州加密矩阵科技有限公司,1-49人
杭州,天水,WEB前端开发,开发,本科,经验不限,6-10k,河南瑞贝西信息技术服务有限公司,1-49人
杭州,西兴,移动开发工程师,移动端开发,本科,2-5年,8-20k,浙江汉脑数码科技有限公司,100-499人
杭州,长河,WEB前端开发,前端开发工程师,本科,3-5年,10-20k,浙江棱镜全息科技有限公司,100-499人
杭州,余杭区,WEB前端开发,高级前端开发工程师,统招本科,3-5年,10-15k,浙江有播科技有限公司,50-99人
杭州,黄龙,WEB前端开发,前端工程师,统招本科,经验不限,7-9k,杭州智金云算科技有限公司,1-49人
杭州,余杭区,移动开发工程师,flutter工程师,本科,3-5年,10-16k,杭州钱湾科技有限公司,50-99人
杭州,未知,移动开发工程师,钉钉-AI研发专家-Agent平台前端,本科,经验不限,10-20k,阿里巴巴(中国)有限公司,10000人以上
